{
  "train": {
    "RMSE": 12976.01541306113,
    "MAE": 7552.3330078125,
    "R2": 0.9701945185661316,
    "MAPE_%": 33.17695999145508
  },
  "val": {
    "RMSE": 17049.769030693642,
    "MAE": 9774.912109375,
    "R2": 0.9604071974754333,
    "MAPE_%": 26.92992401123047
  },
  "test": {
    "RMSE": 19214.752665595257,
    "MAE": 10809.5009765625,
    "R2": 0.9528881907463074,
    "MAPE_%": 27.90123176574707
  }
}